nonlinearity,num_train,accuracy,corr_binned,corr_raw,spearman_raw,calib_slope,ml_amplitude,calib_slope_ml,mean_pred_var,mean_mse
tanh,250,0.8249,0.981026,0.490573,0.568978,0.251398,0.21914,1.1472,0.157778,0.0382891
relu,250,0.8389,0.980779,0.469716,0.555559,0.124969,0.114865,1.08797,0.293235,0.0354831
gelu,250,0.8442,0.982905,0.473915,0.563796,0.103287,0.0963277,1.07225,0.346447,0.0346151
tanh,500,0.8901,0.985139,0.49227,0.61063,0.238364,0.20873,1.14197,0.126858,0.0286781
relu,500,0.8965,0.981119,0.464397,0.587621,0.11741,0.107686,1.0903,0.237974,0.0266659
gelu,500,0.899,0.982363,0.465734,0.593099,0.0968908,0.0896423,1.08086,0.281557,0.0260462
tanh,1000,0.9206,0.976422,0.48475,0.635696,0.228296,0.185262,1.23229,0.102203,0.0217216
relu,1000,0.9259,0.981321,0.460903,0.606205,0.115191,0.0945413,1.21842,0.192052,0.0207809
gelu,1000,0.9276,0.977931,0.463085,0.610838,0.0957146,0.0784911,1.21943,0.22662,0.0204119
tanh,2000,0.9456,0.967104,0.477289,0.652124,0.219883,0.181861,1.20908,0.0835649,0.0168525
relu,2000,0.9481,0.979928,0.455912,0.622374,0.11485,0.0945292,1.21496,0.155499,0.0165846
gelu,2000,0.9482,0.977081,0.456617,0.624534,0.0961769,0.0788849,1.21921,0.181923,0.0163232
tanh,5000,0.9694,0.958335,0.449694,0.653659,0.1944,0.170681,1.13897,0.0646407,0.0113255
relu,5000,0.9681,0.970112,0.435791,0.635321,0.108169,0.0921252,1.17415,0.117282,0.0116028
gelu,5000,0.9685,0.974237,0.435931,0.635707,0.0922201,0.0775936,1.1885,0.134263,0.0114274
